'$DJI', 4.795018399999998, -5.466739100000003, 0
'$SPX', 1.469297999999998, -0.6899416, 0
'$VIX', 0.2570358999999991, -0.0036275000000000057, 0
'A', 0.008845400000000225, -0.011269399999999874, 0
'AA', 0.047912700000000585, -0.03562730000000014, 0
'AAPL', 0.05910609999999994, 0.027402600000000055, 0
'ABC', -0.017775499999999722, 0.007598299999999947, 0
'ABKFQ', 0.00318890000000005, -0.050405299999999986, 0
'ABT', -0.0035626000000000824, 0.001331500000000041, 0
'ACAS', 0.06460530000000064, -0.05415600000000009, 0
'ACE', 0.07518880000000028, -0.016123300000000063, 0
'ACN', 0.015602299999999403, 0.011794599999999988, 0
'ACS', 0.0324897000000004, 0.030928000000000067, 0
'ADBE', 0.04757660000000086, -0.010843900000000017, 0
'ADI', 0.023518200000000267, 0.005006199999999961, 0
'ADM', 0.03978549999999981, -0.024145400000000095, 0
'ADP', 0.028894899999999835, 0.0032288000000000316, 0
'ADSK', 0.03136070000000002, -0.04659550000000001, 0
'AEE', -0.002143799999999918, -0.03360519999999989, 0
'AEP', -0.013544300000000176, -0.013550799999999974, 0
'AES', 0.013380999999999865, -0.016143199999999913, 0
'AET', 0.027158999999999933, -0.049378800000000056, 0
'AFL', 0.08061739999999928, -0.024597299999999933, 0
'AGN', 0.031248200000000503, -0.001269100000000023, 0
'AIG', 0.29485579999999967, -1.8090381, 0
'AIV', 0.04555819999999988, -0.013042800000000021, 0
'AIZ', 0.06011360000000021, -0.06509789999999993, 0
'AKAM', 0.03029610000000038, -0.016504399999999864, 0
'ALL', 0.047485200000000116, -0.03297570000000005, 0
'ALTR', 0.0027479999999997506, 0.00816220000000012, 0
'ALXN', 0.02129300000000023, 0.01042809999999994, 0
'AMAT', 0.03151330000000052, -0.005846000000000018, 0
'AMD', 0.0035938000000002024, 0.0047128000000000725, 0
'AMGN', 0.10743979999999986, 0.018444499999999975, 0
'AMP', 0.08805399999999985, -0.0283331, 0
'AMT', 0.05702529999999961, 0.002882000000000051, 0
'AMZN', 0.16007970000000005, 0.07403329999999997, 0
'AN', -0.00035259999999970315, 0.007478099999999932, 0
'ANF', 0.12153990000000015, -0.0791753999999999, 0
'ANR', 0.09729560000000048, 0.021666500000000033, 0
'AON', 0.04651059999999996, -0.014105900000000116, 0
'APA', 0.3296635000000012, -0.013202799999999959, 0
'APC', 0.08695680000000028, -0.007941599999999993, 0
'APD', 0.06662060000000047, -0.02193540000000005, 0
'APH', 0.015749000000000013, 0.003146000000000093, 0
'APOL', 0.14146720000000035, -0.015902700000000047, 0
'ARG', 0.027189499999998867, -0.004870700000000117, 0
'ASH', -0.02855550000000051, -0.011358499999999938, 0
'ATI', 0.15867459999999944, -0.07092899999999991, 0
'AVB', 0.20694400000000002, 0.0020013000000000947, 0
'AVP', 0.031234900000000065, -0.011197300000000077, 0
'AVY', 0.021188699999999283, -0.022559499999999955, 0
'AXP', 0.07047689999999962, -0.01661200000000007, 0
'AYE', 0.024308600000000125, -0.07313679999999989, 0
'AZO', 0.03460170000000007, 0.08077819999999991, 0
'BA', 0.03508119999999959, -0.0526276, 0
'BAC', 0.08280669999999946, -0.04471679999999989, 0
'BAX', 0.007114099999999235, 0.004192299999999927, 0
'BBBY', 0.040477699999999395, 0.01963130000000013, 0
'BBT', 0.11252769999999979, -0.0020809999999998885, 0
'BBY', 0.03284250000000011, -0.019994600000000085, 0
'BC', 0.034815999999999514, -0.008009199999999939, 0
'BCR', 0.020269299999999824, -0.02731030000000001, 0
'BDK', -0.0010336999999996932, -0.011746600000000051, 0
'BDX', 0.04285030000000023, -0.011120899999999989, 0
'BEAM', 0.08522420000000008, -0.04868589999999995, 0
'BEN', 0.2101136999999993, -0.013792200000000032, 0
'BF.B', 0.017963700000001026, -0.003597399999999862, 0
'BHI', 0.06312499999999988, -0.07621790000000006, 0
'BIG', 0.021651600000000215, 0.02623579999999981, 0
'BIIB', 0.08572180000000018, -0.006032700000000002, 0
'BJS', 0.018467299999999298, -0.01210840000000002, 0
'BK', 0.16458630000000007, -0.03313239999999995, 0
'BLK', 0.3610358999999992, 0.041640700000000086, 0
'BLL', 0.005652400000000224, 0.007213399999999925, 0
'BMC', 0.029918999999999807, 0.009853000000000112, 0
'BMS', 0.016012099999999307, 0.007739599999999847, 0
'BMY', 0.007646099999999656, 0.002806799999999887, 0
'BRCM', 0.06149649999999984, 0.009259300000000081, 0
'BRK.B', 0.04061849999999967, -0.05453720000000006, 0
'BRLI', -0.005263599999999591, 0.006846800000000153, 0
'BSC', -0.0021652000000000893, 0.0013547999999998783, 2
'BSX', 0.006443200000000537, -0.005223099999999925, 0
'BTU', 0.12712269999999992, -0.0339470999999999, 0
'BUD', -0.026758699999999913, 0.024641300000000088, 2
'BXP', 0.13548409999999977, -0.03704380000000007, 0
'C', 1.0116110999999992, -0.4829181, 0
'CA', 0.006396000000000068, -0.003884599999999905, 0
'CAG', -0.0101348, 0.0020980999999999916, 0
'CAH', 0.010476999999999181, -0.0031628999999999685, 0
'CAM', 0.05841729999999923, -0.01737630000000001, 0
'CAT', 0.0705593999999996, -0.018137700000000034, 0
'CB', 0.11514219999999953, -0.0034129999999999994, 0
'CBE', 0.027552000000000243, -0.01209440000000006, 0
'CBG', 0.038114199999999876, -0.01616850000000003, 0
'CBS', 0.00011850000000035443, -0.018841200000000113, 0
'CBSH', 0.0910188999999999, 0.0004227000000001091, 0
'CCE', -0.0016425000000003243, -0.00511830000000002, 0
'CCI', 0.042839300000000025, -0.0031506000000000034, 0
'CCL', 0.056741300000000106, -0.02091490000000007, 0
'CCMO', -0.026591499999991886, 0.0019499999999998963, 2
'CCT', -0.01372030000000024, 0.003517400000000004, 0
'CEG', 0.009127799999999686, -0.11219310000000016, 0
'CELG', 0.08835140000000008, 0.017541199999999924, 0
'CERN', 0.0033058000000001364, 0.02482519999999999, 0
'CF', 0.319706099999999, -0.039068300000000056, 0
'CFC+A', 0.04715900000000062, 0.01868969999999992, 0
'CFN', -0.013654100000000002, 0.01238589999999995, 2
'CHK', 0.06092160000000102, -0.026386799999999933, 0
'CHRW', 0.1132624999999996, 0.015290000000000026, 0
'CI', 0.05207349999999966, -0.03834850000000001, 0
'CIEN', 0.038656000000000246, -0.04379159999999993, 0
'CINF', 0.04625150000000078, -0.014608800000000088, 0
'CL', -0.00918689999999911, 0.013988200000000006, 0
'CLF', 0.17188189999999937, -0.0038521999999999723, 0
'CLX', -0.0024340999999999946, 0.0007585000000001063, 0
'CMA', 0.09047709999999953, -0.019928900000000138, 0
'CMCSA', 0.022893900000000356, -0.0011812999999999407, 0
'CME', 0.13044999999999995, -0.11985790000000007, 0
'CMG', 0.17930240000000053, -0.11956729999999993, 0
'CMI', 0.08169269999999917, -0.027695399999999926, 0
'CMS', -0.010672599999999921, -0.001181900000000069, 0
'CNP', -0.010365600000000308, -0.0014595999999998943, 0
'CNX', 0.21056460000000032, -0.042109299999999905, 0
'COF', 0.12274809999999947, -0.012976200000000104, 0
'COG', 0.03976730000000006, 0.0017601000000000422, 0
'COH', 0.03405290000000005, 0.011098099999999889, 0
'COL', 0.04184739999999998, -0.025071499999999913, 0
'COP', 0.06478879999999987, -0.04356910000000003, 0
'COST', 0.009674699999999481, -0.015593699999999933, 0
'COV', 0.023433299999999546, 0.010504599999999975, 0
'CPB', -0.00844210000000023, 0.0008274000000001447, 0
'CPWR', -0.0005787000000002651, -0.0033786999999999567, 0
'CRM', 0.10360099999999939, 0.025440499999999977, 0
'CSC', 0.025228200000000367, 0.01786769999999982, 0
'CSCO', 0.0075302000000005975, -0.005772400000000011, 0
'CSX', 0.011514299999999977, 0.0037770999999999777, 0
'CTAS', 0.005498900000000084, -0.010541199999999917, 0
'CTL', 0.02420409999999995, 0.0003378000000000547, 0
'CTSH', 0.021783599999999792, 0.025225400000000064, 0
'CTXS', 0.027749799999998492, 0.00612440000000003, 0
'CVC', 0.013515800000000189, 0.002802799999999994, 0
'CVG', 0.018655399999999878, -0.011005900000000013, 0
'CVH', 0.04032369999999941, -0.06992569999999998, 0
'CVS', 0.0517938, -0.013383099999999981, 0
'CVX', 0.14441010000000043, -0.020617599999999903, 0
'D', -0.016536800000000462, -0.007392500000000024, 0
'DD', 0.023678300000000263, -0.011763300000000032, 0
'DDR', 0.048651599999999906, -0.0400741, 0
'DDS', 0.033437200000000056, 0.001345900000000011, 0
'DE', 0.09136919999999993, -0.06269420000000003, 0
'DELL', 0.013413800000000364, -0.0206464999999999, 0
'DF', 0.009566500000000477, -0.015470399999999884, 0
'DFS', 0.038532400000000244, -8.460000000010126e-05, 0
'DGX', 0.041836900000000066, 0.01677149999999994, 0
'DHI', 0.04465440000000043, -0.0032031000000001253, 0
'DHR', 0.02432529999999966, -0.011600399999999955, 0
'DIS', 0.03450090000000072, 0.0015856000000000758, 0
'DISCA', 0.03250929999999985, 0.011006400000000083, 0
'DLTR', 0.012388599999999528, 0.014875599999999878, 0
'DNB', 0.08757309999999996, 0.0003740000000000965, 0
'DNR', 0.04658350000000011, -0.0345645, 0
'DO', 0.1616985999999998, -0.03792169999999995, 0
'DOV', 0.01351659999999999, -0.0018872999999999251, 0
'DOW', 0.022596199999999955, -0.015106999999999982, 0
'DPS', -0.024769399999998387, 0.004762099999999991, 2
'DRI', 0.05081029999999975, 0.01726889999999992, 0
'DTE', -0.005347900000000627, 0.007003099999999929, 0
'DTV', 0.05901470000000053, 0.020922399999999897, 0
'DUK', 0.021995900000000068, -0.0033048000000001077, 0
'DV', 0.10779790000000089, 0.011408300000000038, 0
'DVA', 0.061324300000001, 0.0051586999999999605, 0
'DVN', 0.15712510000000002, -0.0340339999999999, 0
'DYN', 0.038449000000001066, -0.056660000000000044, 0
'EA', 0.008835799999999283, -0.07896409999999987, 0
'EBAY', 0.010548200000000119, -0.018679200000000007, 0
'ECL', -0.002851799999999294, -0.010909999999999975, 0
'ED', -0.002982799999999841, 0.003502799999999917, 0
'EDS', -0.011558000000000068, 0.0022440000000001348, 0
'EFX', 0.02795519999999896, -0.008129300000000117, 0
'EIX', 0.01792750000000054, -0.028379799999999955, 0
'EK', 0.006043400000000254, -0.03350869999999995, 0
'EL', 0.009242599999999879, 0.005819100000000077, 0
'EMC', 0.01045709999999933, -0.001653899999999986, 0
'EMN', 0.009435000000000304, 0.003415600000000074, 0
'EMR', 0.023709899999999395, -0.017951400000000173, 0
'EOG', 0.019906700000000388, 0.012099899999999941, 0
'EP', 0.019875699999999608, -0.013981999999999939, 0
'EQ', -0.023915399999993148, -0.014487099999999864, 2
'EQR', 0.0817848000000001, 0.0017247000000000234, 0
'EQT', 0.032477900000000615, -0.01637029999999995, 0
'ERTS', 0.022647099999999698, -0.07896409999999987, 0
'ESRX', 0.016853900000000088, 0.012263099999999971, 0
'ESV', 0.017827500000000107, -0.039854399999999846, 0
'ETFC', 0.09947550000000027, -0.03411799999999998, 0
'ETN', -0.004762499999999892, -0.022695200000000026, 0
'ETR', 0.02394620000000014, -0.049818099999999976, 0
'EW', -0.0040170999999989965, 0.04078080000000006, 0
'EXC', 0.07380659999999972, -0.04643799999999998, 0
'EXPD', 0.06004539999999947, -0.01623219999999992, 0
'EXPE', 0.010050500000001072, -0.01480440000000005, 0
'F', -0.007709800000000211, 0.00633729999999999, 0
'FAKE1', -0.038802299999999956, 0.03627770000000008, 2
'FAKE2', 0.05600959999999966, -0.01464029999999994, 2
'FAST', 0.04279179999999916, 0.0031231000000000453, 0
'FCX', 0.04312249999999973, -0.020314299999999896, 0
'FDO', 0.05159170000000057, 0.018378900000000087, 0
'FDX', 0.022316000000000003, -0.004936199999999946, 0
'FE', -0.01094390000000045, -0.03539470000000011, 0
'FFIV', 0.0538711999999999, 0.05092119999999989, 0
'FHN', 0.014684000000000585, -0.006655999999999884, 0
'FII', 0.022717300000000495, -0.01835259999999994, 0
'FIS', 0.040840499999999835, 0.0020181000000001337, 0
'FISV', 0.0019199999999999218, -0.01479639999999982, 0
'FITB', 0.028367600000000603, -0.0263158, 0
'FLIR', 0.03623560000000037, 0.002313699999999974, 0
'FLR', 0.09058620000000062, -0.05142550000000001, 0
'FLS', 0.2637963999999995, 0.0023284999999999556, 0
'FMC', 0.03627059999999949, 0.002007300000000045, 0
'FMCC', -0.013154900000000636, -0.06151329999999999, 0
'FNMA', 0.0202665999999998, -0.07103490000000001, 0
'FOSL', 0.07689519999999983, -0.01339250000000003, 0
'FRX', 0.022405699999999307, -0.007675199999999993, 0
'FSLR', 0.424675700000001, -0.26883, 0
'FTI', 0.041410300000000344, 0.0027601999999999904, 0
'FTR', -0.0012307999999998653, -0.003512099999999907, 0
'GAS', 0.003880399999999895, 0.004194499999999879, 0
'GCI', 0.02480969999999938, -0.03442389999999995, 0
'GD', 0.08778170000000007, -0.030370000000000008, 0
'GE', 0.007967899999999473, -0.03400539999999996, 0
'GENZ', 0.15715199999999974, -0.05291659999999998, 0
'GILD', 0.04553669999999954, -0.0052251000000000936, 0
'GIS', -0.0035797000000006296, 0.015270600000000023, 0
'GLD', -0.005852400000000757, 0.042779300000000076, 0
'GLW', 0.013041800000000325, -0.0072421999999999764, 0
'GME', 0.06342899999999929, -0.07561890000000004, 0
'GNW', 0.026331900000001296, -0.02617410000000009, 0
'GOOG', 0.5031245999999996, -0.14367070000000004, 0
'GPC', 0.024686300000000383, -0.006999199999999983, 0
'GPS', 0.013094100000000441, 0.0020986000000000615, 0
'GR', 0.04900830000000056, -0.005526300000000095, 0
'GS', 0.41228450000000016, -0.07047899999999996, 0
'GT', 0.026923699999999995, -0.026048200000000077, 0
'GWW', 0.0523122999999992, 0.026112299999999866, 0
'HAL', 0.05198859999999961, -0.015517100000000061, 0
'HAR', 0.03488910000000023, -0.0723722, 0
'HAS', 0.016218099999999236, 0.014766599999999963, 0
'HBAN', 0.019592100000000556, -0.01854010000000006, 0
'HCBK', 0.011011199999999555, -0.0005608000000000279, 0
'HCN', 0.06635919999999862, 0.007162600000000019, 0
'HCP', 0.04612770000000088, -4.2000000000097515e-06, 0
'HD', 0.0507698999999997, 0.008008900000000096, 0
'HES', 0.27264440000000056, -0.07489469999999998, 0
'HIG', 0.06840709999999994, -0.10606890000000002, 0
'HNZ', -0.01325630000000022, 0.00038800000000005497, 0
'HOG', 0.062005499999999936, -0.03455509999999995, 0
'HON', 0.060176999999999925, -0.033007599999999915, 0
'HOT', 0.03567620000000016, -0.008014500000000147, 0
'HP', 0.13478259999999986, -0.004543100000000133, 0
'HPCCP', 0.008252700000000557, 0.002054200000000117, 0
'HPQ', 0.00801699999999994, 0.003917200000000065, 0
'HRB', 0.04656269999999951, 0.008602599999999905, 0
'HRL', 0.00790869999999999, -0.0006435999999999664, 0
'HRS', 0.0482153999999988, -0.02349749999999995, 0
'HSP', 0.016540099999999613, 0.016931299999999982, 0
'HST', 0.047966299999999906, -0.009814300000000054, 0
'HSY', 0.012860099999999708, -0.0018306000000000155, 0
'HUM', 0.05521990000000088, -0.06882070000000007, 0
'IACI', 0.035728699999999725, -0.03487390000000001, 0
'IBM', 0.06357059999999914, 0.054832000000000214, 0
'ICE', 0.17405890000000035, -0.14957699999999996, 0
'IFF', 0.06057770000000029, -0.007773600000000047, 0
'IGT', 0.050055400000000194, -0.04443889999999995, 0
'INTC', 0.02000180000000018, -0.006943900000000003, 0
'INTU', 0.025431300000000157, -0.0016108000000000233, 0
'IP', 0.00905239999999985, -0.005298099999999972, 0
'IPG', -0.002469399999999289, -0.0013455999999999468, 0
'IR', 0.0336006000000002, -0.014600200000000063, 0
'IRM', 0.02882119999999988, -0.02547060000000012, 0
'ISRG', 0.4253425000000015, -0.04751280000000002, 0
'ITT', 0.136874299999999, -0.04835719999999999, 0
'ITW', -0.011219800000000446, -0.0032860999999999585, 0
'IVZ', 0.061121400000000214, -0.010689800000000083, 0
'IYR', 0.1347746999999997, -0.024330899999999933, 0
'JAVA', 0.0057739000000001095, -0.01656690000000005, 0
'JBL', 0.0034428999999998045, 0.006082099999999979, 0
'JCI', 0.04476260000000032, -0.011507900000000126, 0
'JCP', 0.01947709999999958, -0.02485740000000003, 0
'JDSU', 0.010950300000000857, -0.010172799999999982, 0
'JEC', 0.12816429999999945, -0.11956130000000009, 0
'JNJ', -0.011345899999999354, 0.00305500000000003, 0
'JNPR', 0.020055900000000015, -0.01164670000000001, 0
'JNS', 0.04544509999999935, -0.03504869999999993, 0
'JNY', 0.021625100000000508, 0.0018853000000000897, 0
'JOY', 0.1504996999999999, -0.021603099999999986, 0
'JPM', 0.10790939999999893, 0.0014793000000001832, 0
'JWN', 0.04583860000000084, 0.007150699999999954, 0
'K', -0.013774500000000023, 0.0071878000000000775, 0
'KBH', 0.07482990000000078, -0.012095300000000031, 0
'KEY', 0.04385839999999952, -0.030777799999999966, 0
'KFT', 0.0008214999999991424, -0.004958600000000035, 0
'KG', -0.0001603999999996164, 0.004058000000000117, 0
'KIM', 0.0586447999999995, -0.03308520000000004, 0
'KLAC', 0.05412669999999897, -0.016634199999999932, 0
'KMB', -0.009968499999999936, -0.0008750999999999065, 0
'KMX', 0.0246297000000002, 0.007717799999999997, 0
'KO', -0.005545800000000933, -0.0010702999999999685, 0
'KR', 0.02539160000000007, -0.008990799999999965, 0
'KSS', 0.07555060000000013, 0.016325799999999946, 0
'L', 0.03656360000000025, -0.02750509999999995, 0
'LEG', 0.01743740000000016, 0.009028099999999872, 0
'LEHMQ', 0.08471570000000073, -0.12315229999999999, 0
'LEN', 0.04560270000000033, -0.007483399999999918, 0
'LH', 0.02754380000000034, -0.0020375000000000254, 0
'LIFE', 0.012628400000000095, 0.011881900000000112, 0
'LIZ', 0.005102399999999729, -0.0275069, 0
'LLL', 0.04800210000000016, -0.029786300000000043, 0
'LLTC', 0.007761000000000795, 0.002153700000000036, 0
'LLY', 0.04196570000000044, -0.021560399999999924, 0
'LM', 0.1218699999999997, -0.07556039999999997, 0
'LMT', 0.06875590000000065, -0.04620820000000003, 0
'LNC', 0.0747561000000001, -0.05718749999999995, 0
'LO', -0.016750699999998564, 0.015355100000000066, 2
'LOW', 0.06384130000000043, 0.0030567999999999707, 0
'LRCX', 0.04311680000000018, -0.007857400000000014, 0
'LSI', 0.006603099999999529, 0.0019521000000000122, 0
'LTD', 0.01965220000000012, 0.004350999999999994, 0
'LUK', 0.03064829999999996, -0.04363899999999998, 0
'LUV', 0.002517900000000628, -0.0010492999999999197, 0
'LXK', 0.02671319999999988, -0.016074699999999997, 0
'M', 0.04201110000000008, -0.014171499999999893, 0
'MA', 0.5241666000000003, 0.07993880000000009, 0
'MAR', 0.04451579999999966, -0.010778999999999983, 0
'MAS', 0.007165800000000111, -0.010265599999999986, 0
'MAT', 0.0049962999999999536, 0.005166499999999852, 0
'MBI', 0.03872380000000053, -0.030428599999999806, 0
'MCD', 0.004107900000000164, 0.013225899999999902, 0
'MCHP', 0.009088899999999844, 0.0022184000000000648, 0
'MCK', 0.023158000000000456, -0.0018977999999999495, 0
'MCO', 0.08937259999999925, -0.01464029999999994, 0
'MDP', 0.018263100000000643, -0.035024900000000025, 0
'MDT', 0.0034304000000002777, -0.008257599999999976, 0
'MET', 0.10533969999999981, -0.042204599999999926, 0
'MHP', 0.08047209999999971, -0.013325400000000043, 0
'MHS', 0.019323199999999652, 0.022984499999999963, 0
'MI', 0.07717140000000033, -0.03700960000000009, 0
'MIL', 0.01627269999999892, -0.02354479999999992, 0
'MJN', -0.11460700000001289, 0.03331149999999994, 2
'MKC', -0.0026617999999999364, 0.0010504000000000069, 0
'ML4T-000', 0.4002551953300002, -0.013251838900000035, 0
'ML4T-001', 0.3023661486800002, -0.003935456450000041, 0
'ML4T-002', -0.11113055080999878, 0.004147854760000236, 0
'ML4T-003', -0.20205621238999982, -0.02219467106999995, 0
'ML4T-004', -0.3547626026300008, -0.0051051479899999475, 0
'ML4T-005', 0.15660330411999945, -0.007030692569999997, 0
'ML4T-006', 0.2298786947300011, 0.04543087738000007, 0
'ML4T-007', -0.18344404838999995, -0.008123105229999927, 0
'ML4T-008', 0.5992296315699996, -0.026550374250000064, 0
'ML4T-009', 0.15058637896000082, 0.02064840119999989, 0
'ML4T-010', -0.037216086670000204, 0.015085418660000016, 0
'ML4T-011', 0.6463108429000002, -0.06581766417000001, 0
'ML4T-012', 0.12717968146000036, -0.003381634639999964, 0
'ML4T-013', -0.025735779639999845, -0.0002517329999999207, 0
'ML4T-014', 0.2953389917499998, 0.005837538790000041, 0
'ML4T-015', -0.0144935914599994, 0.007731377950000118, 0
'ML4T-016', -0.00029778961000070936, -0.0018563532099999946, 0
'ML4T-017', -0.23570046856000015, -0.038532758789999955, 0
'ML4T-018', -0.09094093572000073, -0.003414048519999824, 0
'ML4T-019', 1.5639188536700002, 0.01968911569999987, 0
'ML4T-020', 0.7171628382200004, 0.0030954982899999983, 0
'ML4T-021', -0.3281203715200016, -0.013323888029999953, 0
'ML4T-022', -0.2685259099900007, -0.03506319300999994, 0
'ML4T-023', -0.4094263117699988, -0.02775310028000011, 0
'ML4T-024', -0.48614126696000093, -0.00798600453999987, 0
'ML4T-025', 0.04952103520999973, -0.011746443760000003, 0
'ML4T-026', 0.0374817563999994, 0.04208607125000019, 0
'ML4T-027', 0.019415707230000967, 0.04922069723999978, 0
'ML4T-028', -0.04029310607000036, -0.007688735490000154, 0
'ML4T-029', 0.04615198796000031, 0.008965409069999986, 0
'ML4T-030', 0.019255851630000098, -0.05080498528999999, 0
'ML4T-031', -0.3223714892599999, -0.005993217580000043, 0
'ML4T-032', -0.03930981937000089, 0.045964264700000035, 0
'ML4T-033', -0.46515227590999886, -0.01843508224000001, 0
'ML4T-034', -0.028354731210001094, 0.0010768283400000023, 0
'ML4T-035', 0.07408592887999976, -0.01259265129999998, 0
'ML4T-036', -0.13485443245999917, -0.0013939231100000837, 0
'ML4T-037', 0.5389277830100008, -0.022214814699999863, 0
'ML4T-038', 0.19187170357999994, 0.018055259289999848, 0
'ML4T-039', -0.07860820598999974, 0.0028130403999999665, 0
'ML4T-040', -0.19425117062999953, 0.0008255294799999202, 0
'ML4T-041', 0.18701652808000158, 0.021311389429999883, 0
'ML4T-042', -0.23577953535999963, -0.013829153609999922, 0
'ML4T-043', 0.08923913134999983, -0.007040476230000037, 0
'ML4T-044', -0.48200688821999993, -0.032280282029999996, 0
'ML4T-045', -0.19773335505, 0.0011057101099998246, 0
'ML4T-046', -0.28130612865000026, -0.026510780990000038, 0
'ML4T-047', -0.0417181510800001, 0.007518322799999977, 0
'ML4T-048', -0.11587145157000023, 0.04166375269000011, 0
'ML4T-049', -0.12392908279999926, -0.035635303509999994, 0
'ML4T-050', -0.03965407606999938, -0.0019043966699999748, 0
'ML4T-051', -0.2518258014899999, -0.006175248129999922, 0
'ML4T-052', -0.339474196469999, -0.0255881619399998, 0
'ML4T-053', 1.14497131745, -0.020962521929999922, 0
'ML4T-054', -0.30430727835000027, 0.030875135150000066, 0
'ML4T-055', 0.07523492549999977, -0.0005149344399999478, 0
'ML4T-056', 1.1857864571200007, -0.05744763799999997, 0
'ML4T-057', 0.15920481744000026, 0.016496211540000028, 0
'ML4T-058', -0.31769618974, -0.003276879729999904, 0
'ML4T-059', -0.22307169100000135, -0.012560021589999915, 0
'ML4T-060', -0.21982928872999896, -0.0041124866799999715, 0
'ML4T-061', -0.10932048035999997, -0.017329299109999807, 0
'ML4T-062', -0.015422554020000367, -0.0014467825899999731, 0
'ML4T-063', -0.46104510732000015, 0.03904978608000009, 0
'ML4T-064', -0.07470934911000016, 0.006692425029999782, 0
'ML4T-065', -0.2154733317999994, -0.005000333100000032, 0
'ML4T-066', -0.3200183804699991, -0.006558214319999811, 0
'ML4T-067', -0.5046080210500004, -0.037894107499999996, 0
'ML4T-068', -0.02918578560000018, 0.003569143519999818, 0
'ML4T-069', 0.06423362326000026, -0.02468814110999995, 0
'ML4T-070', 0.03993850740000027, -0.0025520769799999288, 0
'ML4T-071', -0.24258757682000143, -0.010025394940000099, 0
'ML4T-072', -0.2578285024000003, -0.013898596690000153, 0
'ML4T-073', -0.10572608607, -0.0331984982600001, 0
'ML4T-074', 0.4968242788500008, 0.001985952910000144, 0
'ML4T-075', -0.2723707816900003, 0.003814616559999928, 0
'ML4T-076', 0.1246257705699998, -0.016095333169999892, 0
'ML4T-077', 0.23733729674000048, -0.006155667140000043, 0
'ML4T-078', 0.6243736431899998, 0.0463676625799998, 0
'ML4T-079', 1.0524561850700014, 0.05221908932000008, 0
'ML4T-080', 0.10495969523000026, 0.011140232590000076, 0
'ML4T-081', -0.22017510504999938, -0.003305253269999864, 0
'ML4T-082', -0.26076781568000007, -0.014043479419999949, 0
'ML4T-083', 0.68541765272, -0.0576368707499999, 0
'ML4T-084', -0.13996756647999908, 0.021251444080000015, 0
'ML4T-085', -0.20458465863000075, -0.0014528410600000985, 0
'ML4T-086', 0.8133470452200011, -0.01835347800999998, 0
'ML4T-087', -0.28810331370999964, -0.00684887857000005, 0
'ML4T-088', 1.1844132511500005, -0.04005590946000015, 0
'ML4T-089', -0.012912944329999565, 0.03703022372999998, 0
'ML4T-090', 0.03243027921000019, -0.02575033763000001, 0
'ML4T-091', -0.1441503787200007, 0.002587851099999927, 0
'ML4T-092', 0.17390115306000054, 0.05970629106000014, 0
'ML4T-093', -0.261490583409999, 0.0011151177099999465, 0
'ML4T-094', -0.17518864778000043, -0.004667048439999877, 0
'ML4T-095', -0.1407215362299996, -0.006860367210000162, 0
'ML4T-096', 0.47850358912999824, -0.011327751210000181, 0
'ML4T-097', 0.58483871629, -0.028663365240000127, 0
'ML4T-098', -0.07337233705000035, -0.0004242437900000562, 0
'ML4T-099', -0.19194249513000106, 0.03871575829000018, 0
'ML4T-100', 0.026518057880000168, -0.01273374626999979, 0
'ML4T-101', -0.22324223972000035, 0.0292949603599999, 0
'ML4T-102', -0.10609401930999984, -0.004107893920000105, 0
'ML4T-103', 0.43958179479999915, -0.0063908728900000655, 0
'ML4T-104', -0.2394791099, -0.0072603983900000335, 0
'ML4T-105', -0.2939546759299998, -0.01968850943, 0
'ML4T-106', 0.2652817601900015, 0.02582819683000004, 0
'ML4T-107', 0.6369564618400008, -0.0009337202799999389, 0
'ML4T-108', -0.07721465062999955, 0.025402638209999884, 0
'ML4T-109', 0.18610592360000044, -0.00720624450000007, 0
'ML4T-110', 0.33139726831999927, -0.018719783059999995, 0
'ML4T-111', -0.21646446910999972, -0.05280645390999994, 0
'ML4T-112', -0.34361038186000126, -0.029706891319999817, 0
'ML4T-113', -0.29861187422000046, -0.006262179849999772, 0
'ML4T-114', -0.04771310533999962, -0.004211706209999999, 0
'ML4T-115', -0.18211058380000034, -0.04062949590000009, 0
'ML4T-116', -0.09406887795999941, -0.006831448460000056, 0
'ML4T-117', -0.09034526452999925, -0.03387711907000002, 0
'ML4T-118', -0.28663931328999936, -0.021183586980000224, 0
'ML4T-119', -0.3258186813100016, -0.011777702860000017, 0
'ML4T-120', 0.13220523235000026, 0.004043038390000087, 0
'ML4T-121', -0.49502938056000023, -0.021117748420000026, 0
'ML4T-122', -0.15265146010000052, -0.027959323230000166, 0
'ML4T-123', -0.004669794569999941, -0.012869610109999874, 0
'ML4T-124', -0.12532151152000093, 0.01459447042000006, 0
'ML4T-125', -0.29462357833000064, -0.008994644289999965, 0
'ML4T-126', -0.32013389261999936, -0.02869314419000002, 0
'ML4T-127', -0.3011615057600001, -0.01837044040999991, 0
'ML4T-128', -0.5535070798800006, 0.01356514858000013, 0
'ML4T-129', -0.5439703496599989, 0.029751618370000177, 0
'ML4T-130', 0.62599687813, -0.033576997880000126, 0
'ML4T-131', 0.10418732247999962, -0.011348918260000063, 0
'ML4T-132', -0.15638205863000043, -0.010368134409999952, 0
'ML4T-133', -0.33234667272999885, -0.024164504299999834, 0
'ML4T-134', -0.08195012505999888, 0.028718708039999985, 0
'ML4T-135', -0.2448957301600001, -0.005399324039999875, 0
'ML4T-136', -0.2554136617700006, -0.02554256851999992, 0
'ML4T-137', 0.11349140763999954, -0.043190792950000056, 0
'ML4T-138', -0.1562232921899992, -0.016091231110000104, 0
'ML4T-139', 0.12355966635999915, 0.057554475260000126, 0
'ML4T-140', -0.12141593856999999, 0.009789071699999985, 0
'ML4T-141', 0.061922440750000085, -0.04116113687999978, 0
'ML4T-142', -0.2731460206099996, 0.025380596570000025, 0
'ML4T-143', 0.004220319040000309, 0.0024270227100000596, 0
'ML4T-144', -0.012297742879999518, -0.054974413509999986, 0
'ML4T-145', 0.018635361419999663, 0.05481880407999995, 0
'ML4T-146', -0.49032386512000115, -0.003104031999999868, 0
'ML4T-147', 0.22216967974999946, -0.00854412362999979, 0
'ML4T-148', 0.16512047625000026, -0.013280168169999995, 0
'ML4T-149', 0.11460685652000024, 0.005959184790000016, 0
'ML4T-150', 0.5510198041699996, 0.01648270703999999, 0
'ML4T-151', -0.24129614014999856, 0.002587904130000096, 0
'ML4T-152', -0.20202161311, -0.028166146370000034, 0
'ML4T-153', -0.3315959469300004, -0.01878658990000015, 0
'ML4T-154', 0.23094956529999933, -0.0042365964299999614, 0
'ML4T-155', -0.08462750316000078, -0.012086665229999904, 0
'ML4T-156', -0.11098271438999985, -0.00023104259999995325, 0
'ML4T-157', 0.6766101438599994, 0.004320590970000149, 0
'ML4T-158', -0.061560234760000054, -0.015618154149999897, 0
'ML4T-159', 0.11948316561999994, -0.001901002350000014, 0
'ML4T-160', -0.40698055431000035, 0.003748419340000142, 0
'ML4T-161', -0.10125519208999967, -0.010758211039999854, 0
'ML4T-162', -0.13800986093000012, -0.03616486673000008, 0
'ML4T-163', -0.03355170218000003, -0.008009758520000076, 0
'ML4T-164', 0.013335185450000564, -0.0051534702200000115, 0
'ML4T-165', -0.4781578196699997, 0.005338717259999903, 0
'ML4T-166', -0.30515700014000013, -0.011452693950000148, 0
'ML4T-167', -0.1326972509899984, -0.02050344929000003, 0
'ML4T-168', 0.09242968328999979, -0.003730057429999989, 0
'ML4T-169', 0.08525205560999938, -0.0026220737799999005, 0
'ML4T-170', -0.1908463388599997, -0.004945890669999953, 0
'ML4T-171', 0.547836315769999, 0.006373997370000106, 0
'ML4T-172', -0.22219230668999856, -0.007280979729999859, 0
'ML4T-173', -0.1380170827600008, 0.020721208500000143, 0
'ML4T-174', 0.5184381119000003, -0.0029965357599998077, 0
'ML4T-175', -0.2592646260299999, -0.003033991620000065, 0
'ML4T-176', -0.3208969117299997, 0.004314971290000358, 0
'ML4T-177', -0.2686931176199985, -0.05347533122999981, 0
'ML4T-178', -0.2500190331400005, 0.046858830709999966, 0
'ML4T-179', -0.21010999557000032, 0.0013803550799997844, 0
'ML4T-180', 0.7329523014299999, 0.00925438017000002, 0
'ML4T-181', -0.32870884123000044, -0.02007622891000005, 0
'ML4T-182', -0.4914516292900004, 0.0064029245199999085, 0
'ML4T-183', 0.03537605054000048, -0.05276799895999995, 0
'ML4T-184', -0.18154225967999893, 0.04217990835000007, 0
'ML4T-185', -0.415661134680001, -0.013470082309999798, 0
'ML4T-186', -0.11890442419999903, -0.013522013300000135, 0
'ML4T-187', 0.5576231287700013, 0.03490965711000005, 0
'ML4T-188', -0.0490046122100003, 0.004995190930000115, 0
'ML4T-189', -0.23959757993999986, 0.0021570793599998694, 0
'ML4T-190', 0.7784018332499996, 0.02926050181999984, 0
'ML4T-191', -0.26044816139999993, -0.008165008489999903, 0
'ML4T-192', 0.12327275163999984, 0.006757155739999909, 0
'ML4T-193', -0.08990971767999989, 0.04084808772000015, 0
'ML4T-194', -0.1933288698500003, -0.025648753400000168, 0
'ML4T-195', -0.056546582749999685, -0.0004714078999998872, 0
'ML4T-196', 1.95795616996, -0.030943374119999922, 0
'ML4T-197', -0.5248491306599994, -0.01965658859999997, 0
'ML4T-198', -0.04611029307999992, -0.006898011810000049, 0
'ML4T-199', -0.2536001035699996, 0.02557776288000002, 0
'ML4T-200', -0.034941352340000065, -0.021626514900000005, 0
'ML4T-201', -0.21601351992000073, 0.04586793752999996, 0
'ML4T-202', -0.13148446175999984, 0.005738302239999937, 0
'ML4T-203', -0.13289989057999885, -0.004229036769999972, 0
'ML4T-204', 0.14358769915000158, -0.01596838566000003, 0
'ML4T-205', -0.32844914979000084, -0.009350477779999977, 0
'ML4T-206', -0.3065097135000002, -0.014503529940000148, 0
'ML4T-207', 0.0033100080299999224, -0.005980702380000036, 0
'ML4T-208', -0.29943473961000044, 0.01838996611999999, 0
'ML4T-209', -0.1102196951400004, 0.01958929768999984, 0
'ML4T-210', -0.30556402301999874, -0.01375706065999982, 0
'ML4T-211', 0.5635045599099988, -0.040011204179999926, 0
'ML4T-212', -0.11210911958000058, -0.017483482420000085, 0
'ML4T-213', -0.20672341184999943, -0.004284411059999882, 0
'ML4T-214', -0.2892859803100002, -0.008070094019999918, 0
'ML4T-215', -0.03605842339999976, -0.0013578044399999989, 0
'ML4T-216', -0.19335817989000048, 0.016319532320000052, 0
'ML4T-217', -0.15872631405000082, -0.003988041669999998, 0
'ML4T-218', -0.18901313033000067, -0.008948374469999965, 0
'ML4T-219', -0.09551848467999957, 0.006712003620000129, 0
'ML4T-220', 1.2463180701399996, -0.0010642448799998983, 0
'ML4T-221', -0.08168910665999995, 0.011918803359999952, 0
'ML4T-222', 0.5151252610000006, -0.06415529113000007, 0
'ML4T-223', 0.6859224410900002, 0.03913504749999985, 0
'ML4T-224', 0.2311693571700002, 0.013967132669999938, 0
'ML4T-225', -0.020741302090001246, -0.011449457000000218, 0
'ML4T-226', -0.10184806281000125, -0.014354333810000064, 0
'ML4T-227', -0.06956625566999985, -0.003751706690000023, 0
'ML4T-228', 0.5340572862700008, 0.035095387529999966, 0
'ML4T-229', -0.3500048383000003, -0.018086712350000034, 0
'ML4T-230', -0.08096116423999977, -0.001216502179999912, 0
'ML4T-231', -0.23012344975, -0.0749204135099999, 0
'ML4T-232', -0.17399210685999988, 0.006416759199999955, 0
'ML4T-233', 0.5493519278200012, -0.028372872079999945, 0
'ML4T-234', 0.010140629660000178, -0.008640275089999871, 0
'ML4T-235', -0.32089404280000144, -0.02326277927999998, 0
'ML4T-236', -0.4166284199900001, -0.019904400980000014, 0
'ML4T-237', -0.3242373783400009, -0.004316572499999616, 0
'ML4T-238', -0.2273448690599995, 0.0022313802100000224, 0
'ML4T-239', 0.07565683341999985, -0.005692757089999945, 0
'ML4T-240', -0.30548909921, 0.014127667360000151, 0
'ML4T-241', -0.07765277915000013, 0.006185325289999932, 0
'ML4T-242', -0.26384636559999985, -0.004768846679999883, 0
'ML4T-243', 1.1000941121699994, 0.013178290820000216, 0
'ML4T-244', -0.26480060401000005, 0.004998572689999925, 0
'ML4T-245', 0.23056731483000004, -0.0029947022799998724, 0
'ML4T-246', 0.6670908782600002, -0.03527824562000004, 0
'ML4T-247', -0.2617777118500012, -0.007192651080000112, 0
'ML4T-248', -0.06387408739999922, -0.060928137520000036, 0
'ML4T-249', 0.26125553458999984, -0.025178743499999934, 0
'ML4T-250', -0.25320157875000004, -0.018105037069999996, 0
'ML4T-251', -0.09323475921000002, -0.005920605280000046, 0
'ML4T-252', -0.060599488349999064, -0.008805675660000012, 0
'ML4T-253', -0.23749217711000004, -0.0006680748699999794, 0
'ML4T-254', -0.05410648603000012, -0.01740773079000002, 0
'ML4T-255', 0.520319170040001, -0.052582646820000134, 0
'ML4T-256', 0.2993397843699992, -0.0032312163900000135, 0
'ML4T-257', 1.2616295871100003, -0.047789475660000025, 0
'ML4T-258', -0.19401916282999943, -0.013205173509999835, 0
'ML4T-259', -0.038080026079999496, -0.00011885890999996374, 0
'ML4T-260', -0.4137327933999998, -0.032527711699999906, 0
'ML4T-261', -0.1973334673699999, -0.06497854042000006, 0
'ML4T-262', 0.15072618351999933, -0.0051360264500001085, 0
'ML4T-263', -0.3946074866000001, -0.01630893574000003, 0
'ML4T-264', 0.06121856682000004, 0.0006586271500002017, 0
'ML4T-265', 0.9909708462999989, 0.0071603223899998625, 0
'ML4T-266', -0.11379099780999968, -0.010862605169999928, 0
'ML4T-267', 0.31120272968999974, -0.002215254350000029, 0
'ML4T-268', 0.11594985869999941, 4.8488970000093445e-05, 0
'ML4T-269', 0.9547814077499999, -0.021980805379999913, 0
'ML4T-270', -0.03230285740999983, -0.00117091323999996, 0
'ML4T-271', -0.2110964307799985, -0.005862798849999851, 0
'ML4T-272', -0.02014449062000001, 0.012210750320000185, 0
'ML4T-273', -0.09929260614000002, 0.032121100749999965, 0
'ML4T-274', 0.30752702215000016, -0.008090190519999929, 0
'ML4T-275', -0.2275056027399993, 0.004562287199999737, 0
'ML4T-276', -0.25864220999999943, -0.00653983398999991, 0
'ML4T-277', 0.33636385838999994, -0.03927739022999999, 0
'ML4T-278', -0.39879592808000064, -0.009678767730000093, 0
'ML4T-279', -0.0472414822899998, 0.030389086570000057, 0
'ML4T-280', 0.33829099163999965, 0.04803455863000017, 0
'ML4T-281', 0.03539287593000018, -0.033506743250000026, 0
'ML4T-282', -0.3042892503900001, -0.013346242050000012, 0
'ML4T-283', 0.8288355768000011, -0.01338967463999996, 0
'ML4T-284', -0.2152872306000002, 0.030275115050000023, 0
'ML4T-285', -0.504754683879999, -0.011392920479999735, 0
'ML4T-286', -0.33577448569000135, 0.005650287909999996, 0
'ML4T-287', -0.22411099319000083, -0.015343355940000025, 0
'ML4T-288', -0.39372183477000045, 0.026467003380000076, 0
'ML4T-289', -0.26384137660000007, -0.0035474371999999477, 0
'ML4T-290', -0.11900583727999936, -0.0010138185400000443, 0
'ML4T-291', -0.10928807553999953, 0.0727853506899998, 0
'ML4T-292', -0.10882770575000078, -0.0017384499700000555, 0
'ML4T-293', 1.7619719734499988, 0.0029817237500000537, 0
'ML4T-294', -0.45771730753000095, -0.013903090379999927, 0
'ML4T-295', -0.16782697357000098, -0.015933718569999922, 0
'ML4T-296', 0.06881214406999914, 0.0034622461600000154, 0
'ML4T-297', -0.31601934824, -0.024491613529999845, 0
'ML4T-298', -0.3530384243300001, -0.023089203700000116, 0
'ML4T-299', -0.11341432153999997, 0.0014624787899999436, 0
'ML4T-300', -0.28256879676000035, -0.0010436186900000255, 0
'ML4T-301', -0.31978555563999866, -0.007990703189999726, 0
'ML4T-302', -0.08485094441000018, 0.021975237250000168, 0
'ML4T-303', 0.4050693797900007, -0.0056311332499999756, 0
'ML4T-304', -0.18438413306000057, -0.00369958640000001, 0
'ML4T-305', 0.5094806753100007, -0.042452955129999914, 0
'ML4T-306', 0.012708472240000157, -0.0213830060700001, 0
'ML4T-307', -0.26189704487, 0.02533478474999984, 0
'ML4T-308', 0.1431023902699995, -0.054548292190000014, 0
'ML4T-309', -0.17359582410000063, -0.028556364310000082, 0
'ML4T-310', 1.3125233908299991, -0.029099014599999973, 0
'ML4T-311', -0.3166670624200002, -0.005717940219999829, 0
'ML4T-312', 0.590303412330001, 0.03770446051000009, 0
'ML4T-313', 0.12482713858000061, -0.005112402909999925, 0
'ML4T-314', -0.23967927363999963, -0.010943048520000054, 0
'ML4T-315', 0.05851354096000039, -0.024648976870000006, 0
'ML4T-316', 0.02348737428999992, -0.0014813583599999625, 0
'ML4T-317', 0.08436512547999975, -0.003414314539999852, 0
'ML4T-318', -0.23184800128999972, -0.011099465809999987, 0
'ML4T-319', 0.058709067800000625, -0.007330208260000082, 0
'ML4T-320', -0.3256481939900018, -0.011235218000000047, 0
'ML4T-321', -0.35182264033000155, -0.021929385219999875, 0
'ML4T-322', -0.258205472239998, -0.0040456355999999305, 0
'ML4T-323', -0.2085263688900002, -0.0172125086099999, 0
'ML4T-324', -0.25327329751999905, 0.01893024955999989, 0
'ML4T-325', -0.13995239086999867, -0.004320793909999954, 0
'ML4T-326', 0.3599233750499995, -0.008312988439999947, 0
'ML4T-327', 0.22742376704000034, -0.05322507104000007, 0
'ML4T-328', -0.1613472123699996, -0.02149666471999978, 0
'ML4T-329', 0.9633586096000009, -0.06884557091999999, 0
'ML4T-330', -0.32518634633000076, -0.03725211410000018, 0
'ML4T-331', 1.0371902618599993, 0.010811079410000035, 0
'ML4T-332', -0.20625656906000023, -0.05776371711999995, 0
'ML4T-333', 0.6297151010200011, -0.046067737099999895, 0
'ML4T-334', -0.31350048930999896, -0.014462125519999813, 0
'ML4T-335', -0.13119478354000003, -0.007899859750000071, 0
'ML4T-336', 0.07473178174999928, 0.006527671759999798, 0
'ML4T-337', 0.2618149519800004, -0.04569535409999992, 0
'ML4T-338', -0.20845923135999966, 0.03187069939999998, 0
'ML4T-339', 0.42323646255999914, 0.018042173950000073, 0
'ML4T-340', -0.35687594234999964, -0.009491895520000071, 0
'ML4T-341', -0.3613181151299998, -0.009261620440000007, 0
'ML4T-342', 0.4873012684900011, -0.005304976909999981, 0
'ML4T-343', 1.37900232835, -0.05441764544000005, 0
'ML4T-344', -0.020726287539999166, 0.020100638710000007, 0
'ML4T-345', -0.2741627717900006, 0.009388856429999759, 0
'ML4T-346', 0.12401758475999958, -0.02111850281999994, 0
'ML4T-347', -0.23728629953999958, 0.008157666860000079, 0
'ML4T-348', 0.6506742429099996, -0.02434178158, 0
'ML4T-349', -0.36661794061000097, -0.007000622319999983, 0
'ML4T-350', -0.1326356252600005, 0.00548237355000003, 0
'ML4T-351', -0.1756340136400001, -0.0011542214399999917, 0
'ML4T-352', -0.05812912986000052, 0.023149734609999806, 0
'ML4T-353', -0.38118041843999995, -0.014123966300000124, 0
'ML4T-354', -0.13724705478, -0.005760275810000048, 0
'ML4T-355', -0.17863598361000144, -0.007710569239999909, 0
'ML4T-356', -0.3349468356299997, 0.014130236890000036, 0
'ML4T-357', -0.3201708207700009, -0.02296728056999997, 0
'ML4T-358', 0.49241796031000007, -0.016705090320000004, 0
'ML4T-359', -0.29332631074999915, -0.010533874520000097, 0
'ML4T-360', 0.4323412554900026, 0.051892486780000135, 0
'ML4T-361', -0.45653639642000043, 0.017641917610000002, 0
'ML4T-362', -0.17486484135000002, -0.024476777800000127, 0
'ML4T-363', 0.6976188269400001, -0.0011402642100001303, 0
'ML4T-364', -0.04052187038999955, -0.003555561449999911, 0
'ML4T-365', 0.12609684864999937, -0.015544970320000018, 0
'ML4T-366', -0.08670747422000025, 0.0028044989000000076, 0
'ML4T-367', 0.5906452314899984, -0.012990321920000159, 0
'ML4T-368', -0.23850462640999992, -0.00022417672999985871, 0
'ML4T-369', -0.19442841400000066, -0.03948325924000007, 0
'ML4T-370', -0.07741764472000012, -0.004247987019999955, 0
'ML4T-371', 0.4146038754200012, -0.021310902029999967, 0
'ML4T-372', -0.027628385170000436, 0.017637298740000196, 0
'ML4T-373', -0.09261167347999999, -1.1342239999989623e-05, 0
'ML4T-374', -0.05031290239000097, -0.05571251288000001, 0
'ML4T-375', -0.4150140915300006, -0.016331931800000032, 0
'ML4T-376', 0.0028315560500002945, 0.019123951140000095, 0
'ML4T-377', -0.21021425223999968, -0.012695944979999929, 0
'ML4T-378', 0.1255781166600003, 0.004979762380000086, 0
'ML4T-379', -0.07240658653999998, 0.0057535004, 0
'ML4T-380', 0.09149593514999999, -0.017142245470000095, 0
'ML4T-381', -0.08400118403999834, 0.020718033229999877, 0
'ML4T-382', -0.36126325446000096, -0.02850236562000008, 0
'ML4T-383', 0.20796929720999957, -0.0031597184199999573, 0
'ML4T-384', -0.10798150206000023, -0.006062810699999921, 0
'ML4T-385', 0.13503659834000037, -0.006419543440000175, 0
'ML4T-386', 0.3303737886099998, -0.02709356254000017, 0
'ML4T-387', -0.19622089485000005, -0.04346544853000012, 0
'ML4T-388', -0.07099985075999948, -0.01265094805, 0
'ML4T-389', -0.35681364989999986, -0.021071275959999913, 0
'ML4T-390', 0.9696728307800004, 0.04851365790999984, 0
'ML4T-391', -0.15820031791999933, -0.010355938360000039, 0
'ML4T-392', -0.13918892587999987, 0.056568056869999994, 0
'ML4T-393', 0.12115092779000003, -0.01189386165000006, 0
'ML4T-394', 0.0007535656399999535, 0.04610772341000002, 0
'ML4T-395', 0.2003272986700002, 0.021447141990000196, 0
'ML4T-396', -0.17031355063000053, 0.04975009211000003, 0
'ML4T-397', -0.05824849721000047, -0.0007361427800001152, 0
'ML4T-398', -0.1965954746600005, -0.005170291610000155, 0
'ML4T-399', 0.31461682508000033, -0.01444850590999991, 0
'MMC', 0.02119339999999914, -0.006332900000000086, 0
'MMM', 0.032093600000000944, 0.007366100000000042, 0
'MNST', 0.06315510000000102, -0.005386899999999861, 0
'MO', 0.003000100000000172, -0.0015018000000001086, 0
'MOLX', 0.025740499999999944, -0.007431199999999971, 0
'MON', 0.27843709999999966, -0.054683099999999984, 0
'MOS', 0.2663602000000007, -0.06959640000000011, 0
'MRK', 0.030211000000000876, -0.028812300000000124, 0
'MRO', 0.02611719999999962, -0.03108410000000006, 0
'MS', 0.10680719999999999, -0.03757910000000009, 0
'MSFT', -0.006642099999999873, -0.006980299999999939, 0
'MSI', 0.029139899999999885, -0.061725599999999936, 0
'MTB', 0.1535367000000003, -0.012490099999999948, 0
'MTG', 0.03445449999999961, -0.03223339999999997, 0
'MTW', -0.0011138999999994459, -0.0717504000000001, 0
'MU', 0.004404900000000378, 0.006664999999999921, 0
'MUR', 0.12291450000000004, -0.05646180000000012, 0
'MWV', 0.010351400000000233, 0.0001850999999999381, 0
'MWW', 0.037174900000000566, -0.029149300000000045, 0
'MYL', 0.008491400000000482, 0.008577899999999916, 0
'NBL', 0.06884860000000081, -0.0150146000000001, 0
'NBR', 0.00557300000000005, -0.013440500000000077, 0
'NCC', -0.03512239999998634, -0.027932999999999875, 2
'NDAQ', 0.09554859999999965, -0.057699500000000015, 0
'NE', 0.02947640000000007, -0.031083799999999884, 0
'NEE', -0.009533200000000464, -0.017971100000000018, 0
'NEM', 0.14491599999999938, -0.009022600000000103, 0
'NFLX', 0.05156019999999906, 0.05646660000000003, 0
'NFX', 0.06645670000000048, -0.010027699999999862, 0
'NI', -0.002632300000000587, -0.0024788000000000032, 0
'NKE', 0.03849040000000037, 0.008098999999999856, 0
'NOC', 0.012185199999999785, -0.031234600000000112, 0
'NOV', 0.05002170000000028, -0.058952000000000004, 0
'NOVL', -0.004211900000000157, -0.005367300000000075, 0
'NRG', 0.06860019999999989, -0.0391203, 0
'NSC', 0.03886419999999946, 0.009293700000000182, 0
'NTAP', 0.007003199999999987, 0.018691199999999908, 0
'NTRS', 0.14058580000000065, -0.036593600000000004, 0
'NU', 0.01253789999999988, -0.005853799999999909, 0
'NUE', 0.18558160000000012, -0.01518189999999997, 0
'NVDA', -0.008301699999999745, -0.02937590000000012, 0
'NVLS', 0.02599990000000041, -0.007278699999999971, 0
'NWL', 0.00623119999999977, -0.016484999999999972, 0
'NWSA', 0.0009416000000002089, -0.011841600000000008, 0
'NYT', -0.014446199999999965, -0.008888199999999902, 0
'NYX', 0.10353519999999983, -0.09653199999999995, 0
'ODP', 0.0065019000000003935, -0.014518600000000048, 0
'OI', 0.033866000000000396, -0.0322325, 0
'OKE', -0.0011165000000000758, 0.002831299999999981, 0
'OMC', 0.02691299999999952, -0.011653100000000083, 0
'OMX', 0.015951900000000574, -0.013818300000000061, 0
'ORCL', -0.0021620000000001083, 0.0036623999999998436, 0
'ORLY', 0.04215129999999956, 0.010676499999999978, 0
'OXY', 0.2195810000000007, 0.009518399999999927, 0
'PAYX', 0.014162200000001235, -0.003459299999999943, 0
'PBCT', 0.011667499999999942, 0.00043239999999999945, 0
'PBG', 0.013575900000000196, -0.0039036999999999544, 0
'PBI', 0.005154200000000442, -0.018801100000000015, 0
'PCAR', 0.059111900000001105, -0.029235400000000134, 0
'PCG', 0.024976899999999524, 0.007639799999999974, 0
'PCL', 0.10454869999999983, -0.006777799999999945, 0
'PCLN', -0.04310730000000096, 0.20280450000000005, 0
'PCP', 0.1313051999999999, -0.056912000000000074, 0
'PCS', 0.02506269999999966, -0.022501800000000127, 0
'PDCO', 0.00623159999999956, -0.010647500000000032, 0
'PEP', 0.01735300000000084, -0.020291199999999954, 0
'PFE', -0.010339500000000723, -0.004504199999999958, 0
'PFG', 0.13260819999999907, -0.07785130000000007, 0
'PG', -0.006942199999999232, -0.015762300000000007, 0
'PGN', -0.0013681999999993755, -0.0028247000000000133, 0
'PGR', 0.01745429999999981, -0.0012047000000000585, 0
'PH', 0.0649519000000005, -0.02944659999999999, 0
'PHM', 0.0349478999999997, -0.00098189999999998, 0
'PKI', 0.005904900000000213, -0.008778100000000011, 0
'PLD', 0.07690450000000126, -0.04825999999999997, 0
'PLL', 0.021925900000000054, -0.005074200000000029, 0
'PM', -0.01780949999999959, 0.0038179000000000407, 2
'PNC', 0.16992240000000014, -0.016463500000000075, 0
'PNW', 0.02449079999999948, -0.0009594000000000547, 0
'POM', -0.010154899999999523, -0.01548039999999995, 0
'PPG', 0.058476500000000486, -0.010048599999999963, 0
'PPL', -0.001166699999999743, -0.026287199999999844, 0
'PRGO', 0.014606100000000177, 0.011554999999999982, 0
'PRU', 0.1784284000000005, -0.07169619999999999, 0
'PSA', 0.24849969999999932, 0.02094039999999997, 0
'PTV', 0.02711000000000041, -0.004400300000000024, 0
'PWR', 0.07288309999999987, -0.010947199999999824, 0
'PX', 0.10546700000000109, -0.008891499999999941, 0
'PXD', 0.038889100000000676, -0.0025668000000000912, 0
'Q', -0.007146900000000733, -0.003192100000000031, 0
'QCOM', 0.026905599999999197, 0.016223499999999946, 0
'QLGC', 0.008151800000000042, 0.009775099999999926, 0
'R', 0.14790559999999964, -0.006073600000000012, 0
'RAI', -0.015482099999999943, -0.0036843000000000847, 0
'RDC', 0.05916340000000031, -0.0344198, 0
'RF', 0.05913799999999925, -0.031538399999999966, 0
'RHI', 0.04309139999999978, 0.0034970999999999197, 0
'RHT', 0.026239399999999247, 0.019885999999999848, 0
'RIG', 0.08019440000000011, -0.12121190000000004, 0
'RL', 0.0656874999999999, 0.03743980000000002, 0
'ROH', -0.12791109999999872, 0.051065099999999974, 2
'ROK', 0.056291700000001166, -0.030649700000000002, 0
'ROP', 0.16353370000000123, -0.016766499999999906, 0
'ROST', 0.003228099999999623, 0.017195199999999966, 0
'RRC', 0.11519789999999941, -0.006172999999999984, 0
'RRD', 0.0003628000000006626, -0.018020399999999936, 0
'RSG', 0.003090700000000446, -0.0018520000000000758, 0
'RSH', 0.014949700000000066, 0.005900500000000086, 0
'RTN', -0.0021190999999992632, -0.011657100000000087, 0
'S', 0.010346300000000808, -0.019065700000000074, 0
'SAI', 0.013938800000000695, -0.001534999999999953, 0
'SBUX', 0.0073619000000006984, 0.006613499999999828, 0
'SCG', 0.015442500000000248, -0.00011729999999998686, 0
'SCHW', 0.0450194999999991, -0.010468299999999986, 0
'SDS', 0.2770644, -0.020839199999999947, 0
'SE', 0.018101700000000776, -0.005188799999999882, 0
'SEE', 0.016417499999999308, -0.00020340000000007574, 0
'SGP', 0.0011413999999978497, 0.002936400000000061, 2
'SH', 0.057219500000000645, -0.0011496999999999202, 0
'SHLD', 0.12837680000000073, -0.04116350000000002, 0
'SHW', 0.07142189999999982, 0.013801300000000127, 0
'SIAL', 0.06393759999999982, -0.004635799999999857, 0
'SII', 0.12659090000000006, -0.0963581, 0
'SINE_FAST', 0.030925049608458544, 0.0004882213568919713, 0
'SINE_FAST_NOISE', 2.3800863870916107, 0.009908374247308949, 0
'SINE_SLOW', -0.06611911042355234, 0.03198508687742807, 0
'SINE_SLOW_NOISE', 2.4111463684010013, 0.02870979425316511, 0
'SJM', 0.004303699999999022, 0.024056599999999984, 0
'SLB', 0.17304479999999978, -0.06506970000000001, 0
'SLE', -0.0038458000000000103, -0.005251999999999923, 0
'SLM', 0.04353810000000036, -0.01593140000000004, 0
'SNA', 0.054738000000000175, -0.004427099999999906, 0
'SNDK', 0.027913399999999644, -0.009180599999999983, 0
'SNI', -0.032597699999999064, -0.001734200000000019, 2
'SNV', 0.03360249999999976, -0.015755199999999858, 0
'SO', 0.0033301000000007797, -0.002814499999999942, 0
'SPG', 0.136729799999999, -0.0008905000000000163, 0
'SPLS', 0.032413700000000434, 0.005125400000000058, 0
'SPY', 0.11359039999999987, -0.053945200000000026, 0
'SRCL', 0.03919400000000017, -0.006669099999999983, 0
'SRE', 0.030472999999999972, -0.004662500000000014, 0
'SSP', 0.005414999999999948, -0.005885800000000052, 0
'STI', 0.12223349999999966, -0.07074800000000003, 0
'STJ', 0.05193639999999955, -0.007745800000000025, 0
'STR', 0.010236599999999596, -0.0076616999999999935, 0
'STT', 0.2439959000000005, -0.0671931, 0
'STX', 0.001811799999999586, -0.010389599999999888, 0
'STZ', 0.01012900000000072, -0.015693100000000015, 0
'SUN', 0.07507259999999927, -0.08067410000000008, 0
'SVU', -0.005697099999999344, -0.035200600000000026, 0
'SWK', 0.07649889999999981, 0.013751999999999986, 0
'SWN', 0.14063410000000043, 0.03680590000000006, 0
'SWY', -0.0009405999999997361, -0.021702800000000022, 0
'SYK', 0.030432200000000353, -0.04418680000000008, 0
'SYMC', 0.020210899999999032, 0.0031214999999999993, 0
'SYY', 0.021424700000000074, -0.0013128000000000029, 0
'T', 0.017078200000000043, -0.015530099999999991, 0
'TAP', 0.007831899999999337, -0.007286699999999979, 0
'TDC', 0.03435670000000002, 0.00839830000000008, 0
'TE', -0.0026428999999992264, 0.001386700000000074, 0
'TEG', 0.014213799999999832, -0.005102599999999957, 0
'TEL', 0.012839999999999963, -0.019976899999999853, 0
'TER', -0.011187700000000356, 0.000933100000000131, 0
'TEX', 0.017168500000000364, -0.08672369999999996, 0
'TGT', 0.10722669999999979, -0.00047199999999991693, 0
'THC', 0.0010374999999993584, 0.0004569999999999297, 0
'TIE', 0.04622079999999995, -0.02574730000000014, 0
'TIF', 0.08572909999999934, 0.0006484999999998298, 0
'TJX', 0.0038472000000000506, 0.008492999999999862, 0
'TLAB', -0.004257199999999739, -0.0016543000000001085, 0
'TMK', 0.05624259999999959, -0.01921839999999997, 0
'TMO', 0.08001720000000012, -0.01736890000000002, 0
'TROW', 0.13148770000000054, -0.006589600000000084, 0
'TRV', 0.08795619999999893, -0.000618699999999972, 0
'TSN', 0.0024210000000000065, -0.005182599999999926, 0
'TSO', 0.053894699999999185, -0.06456810000000013, 0
'TSS', -0.010519799999999413, -0.017413399999999912, 0
'TWC', 0.07725850000000012, -0.04805690000000007, 0
'TWX', 0.030983299999999492, -0.010526900000000006, 0
'TXN', 0.008584299999999878, -0.010281100000000043, 0
'TXT', -0.011720999999999648, -0.09118240000000011, 0
'TYC', -0.017742699999999223, -0.0043703999999998855, 0
'UIS', 0.059862599999999766, -0.015522599999999942, 0
'UNH', 0.038134299999998955, -0.05152199999999996, 0
'UNM', 0.0325831999999997, -0.006542300000000112, 0
'UNP', 0.11096050000000002, 0.006207700000000038, 0
'UPS', 0.05443900000000035, -0.015146300000000057, 0
'URBN', 0.04339080000000006, 0.014377199999999979, 0
'USB', 0.07692710000000003, -0.013475299999999968, 0
'UTX', 0.059500999999999804, -0.005618899999999982, 0
'V', 0.03181449999999808, 0.060195599999999905, 2
'VAR', 0.03243119999999977, -0.011829199999999984, 0
'VFC', 0.05608030000000119, 0.017510100000000195, 0
'VIA.B', 0.012536899999999296, -0.02623299999999984, 0
'VIAB', 0.016986200000000062, -0.02596529999999997, 0
'VLO', 0.06873319999999983, -0.09583439999999988, 0
'VMC', 0.0732539000000001, -0.03750660000000006, 0
'VNO', 0.21870580000000084, -0.01976880000000003, 0
'VRSN', 0.04827480000000062, -0.024666500000000036, 0
'VTR', 0.12873990000000002, 0.006439700000000048, 0
'VZ', 0.04319329999999977, -0.010094400000000059, 0
'WAG', 0.0015994999999984216, -2.5500000000011624e-05, 0
'WAMUQ', -0.03180640000001167, -0.004462999999999995, 2
'WAT', 0.021462800000000115, -0.031166099999999974, 0
'WB', 0.019490399999986474, -0.06388610000000006, 2
'WDC', 0.029279200000000616, 0.030173499999999853, 0
'WEC', -0.002166199999999119, 0.0035859000000000307, 0
'WEN', 0.0034064000000000316, -0.007102700000000017, 0
'WFC', 0.08237670000000019, -0.0012609000000000092, 0
'WFM', 0.015544599999999686, -0.023615400000000064, 0
'WFR', 0.07349749999999977, -0.1493521000000001, 0
'WFT', 0.04472509999999974, -0.03585280000000002, 0
'WHR', 0.09920510000000005, 0.009334699999999918, 0
'WIN', -0.0010303000000000395, 0.0005673000000001593, 0
'WLP', 0.0932896000000003, -0.057411199999999996, 0
'WM', 0.011350200000000088, 0.006088899999999953, 0
'WMB', 0.013830999999999705, -0.02031470000000002, 0
'WMT', 0.026139499999999316, 0.014460699999999882, 0
'WPI', -0.0011031999999995268, 0.0245960999999999, 0
'WPO', 0.5863093999999995, -0.6184627, 0
'WU', 0.024621500000000296, -0.008338699999999921, 0
'WY', 0.01739600000000041, -0.017242700000000055, 0
'WYE', -0.031619699999998585, 0.011858200000000041, 2
'WYN', 0.02805710000000028, -0.0049232000000000165, 0
'WYNN', 0.40088060000000025, -0.08858250000000001, 0
'X', 0.09886750000000055, -0.11087020000000003, 0
'XEL', -0.012381899999999613, 0.0014292000000000193, 0
'XL', 0.045681299999999814, -0.05085709999999988, 0
'XLNX', 0.030146699999999083, 0.008818800000000016, 0
'XOM', 0.09301950000000159, -0.04167200000000015, 0
'XRAY', 0.008775300000000152, -0.016911700000000085, 0
'XRX', 0.0005844000000005956, -0.013284700000000038, 0
'XTO', 0.1304179999999997, -0.012405699999999964, 0
'YHOO', 0.02784489999999984, -0.014483999999999941, 0
'YUM', 0.025391800000000186, -0.003313200000000016, 0
'ZION', 0.10347499999999976, -0.06133710000000003, 0
'ZMH', 0.07117609999999996, -0.015725800000000012, 0
